Show,news_source,Arts,Books,Business Finance,Classifieds,Dining,Editorial,Foreign News,Health,Leisure,Local,National,Obits,Other,Real Estate,Science,Sports,Style,Travel
1600 Pennsylvania Avenue With David Gregory,MSNBC,0.007428533008589876,4.4871368506993903e-4,0.05827409361822275,0,9.168098590030038e-4,0.2684718094555317,0.04087211716564588,0.0033423764682575796,0.011943123279460599,0.007437429996861348,0.08227992538515198,0,0.5055077451641917,0,0,0.00862122120455485,0.004456101709458876,0
9/11 Commission,CNN Finance,0.025877543662533274,0.008414754025442742,0.003501542857994417,0.003285477687780908,0.00155301940640375,0.2629244383092433,0.15193101938163026,0.0020301472044181508,0.035183584453446555,0.05504261268335975,0.38606020582277273,1.1152374152323109e-4,0.05786441229730243,5.181697045105537e-4,0.002815262991738487,6.843024062475089e-4,0.0022019833636521173,0
Aiming For Gold,CNN International,0.0044898811843950516,7.575740136272003e-4,9.486718185668755e-4,6.9956269931495856e-6,0.00935048316464674,0.010575543528822519,0.0015703298770106359,0.06611026420919265,0.0369142789547409,0.009743852134430615,0.0015122781732197785,6.204895527803913e-6,0.044495750115386146,4.6879802553311733e-5,0.007898591393007833,0.7428742175514768,0.007933726285380754,0.054764477271021336
All In With Chris Hayes,MSNBC,0.03146275776827167,0.01997893993325811,0.009576276716044526,1.8230656085488358e-6,0.0037073661997875317,0.1674908594677528,0.060814216297186814,0.026820690228739858,0.028880694841329966,0.12803539934735844,0.22767938358246878,2.216534140282085e-6,0.21143920202749933,0.0012616612065781672,0.007697962822118813,0.06332093399486907,0.01142200935481101,4.0760661217630235e-4
All Things Considered,NPR,0.013661493685707463,0.0932974466133048,0.0043999485516117015,0.0014226043408495747,0.001064067995573828,0.008046898955984993,0.3750811382287721,0.00110718935543335,0.0434187112145162,0.01912599060852406,0.008460282780453264,6.380932500570201e-4,0.39417141658468413,1.746348712728283e-4,0.003523165608258895,0.012602784939012988,0.019499058982902825,3.050734330800358e-4
America Votes,CNN Finance,0.0025182878659049204,2.9674823702960655e-4,7.082607062985397e-4,0,1.5809514129836523e-4,0.20661832766783422,0.0010314550463336742,3.460633177601954e-4,5.772088822685622e-4,0.0452736359994914,0.5238764884854402,0,0.21581278873381746,0,1.5382554052221432e-4,0.0022246468751164167,4.041675008841751e-4,0
America Votes: The Bottom Line,CNN Finance,9.390309414830767e-4,6.602021917138546e-4,0.01414277516767351,0,1.5846559833265823e-4,0.11595854057853928,4.459004746696873e-4,0.005347926344302814,0.0011021381423893225,0.012908857377025431,0.6592207106456973,0,0.1881893018807106,0,1.506947331281174e-4,1.8276451339102238e-4,5.926914109431558e-4,0
America`S Voices,MSNBC,0.14229097530015952,4.0208898073343906e-4,0.005002658170989343,0,5.8490536374531e-4,0.2656969699416345,0.022562277227376484,0.02117228952054933,0.0013903950169045442,0.04248317943122157,0.1544150362639733,0,0.31993584082495746,2.4252110991215507e-5,0.011381832349831778,0.007210677587036752,0.0053689611053201365,7.766080457527607e-5
American Morning,CNN,0.007905022529274932,3.9830716239389226e-4,0.009905226231671662,0,0.00124356212535204,0.013300079603441001,0.007022087386156734,0.046605187621168,0.018461058506008775,0.05967158497312687,0.6753087419871444,0,0.1292227956946942,4.3653836542443725e-5,0.006175360225210848,0.020409778555871727,0.004231768352237566,9.578520970497587e-5
American Morning,CNN Finance,0.004239783496776811,0.316710771582347,0.0014008651475846076,0,2.3785032198125346e-4,0.2806835758665896,0.1826344884697249,0.0035209262990354854,0.0022995321020072936,0.016755561831772712,0.11659506907303462,3.213710423388391e-5,0.06594608209646692,0,0.0038220509365461276,0.004739811800891693,3.2328549245470406e-4,5.820837855236416e-5
American Morning,CNN International,0.007378059734642046,0.024157925547746976,0.02631662601030567,3.9516665946855795e-6,0.0027686382235047606,0.07381096575871694,0.11064689141617673,0.06865601163960282,0.0167009663270264,0.08737811481834974,0.23213746621012302,8.007163998739217e-6,0.2573380359141544,1.9969611152581283e-4,0.01050000658473573,0.07016577389942792,0.005224568852123234,0.006608294121244378
American Nightly Scoreboard,MSNBC,0.0194974825357469,4.5949449700901154e-4,0.4148221671790517,0,0.001184551351079791,0.036381388114844544,0.020365164065399035,0.002962940185416996,0.08867889437342782,0.019332266126297383,0.009805967149230694,0,0.14348011234836477,3.0469790419872635e-4,5.272810761415873e-4,0.23616491928969918,0.0060095912659501125,2.3082538141781574e-5
Anderson Cooper 360 Degrees,CNN,0.01018326931737266,5.818607662764682e-4,0.003577224011091502,0,3.9346524087649455e-4,0.11026699302969782,0.035792457979433624,0.20864933709473896,0.019548698261556606,0.060866574556122176,0.36875475856238693,7.655668081793728e-5,0.15416964167966882,5.424283273711953e-5,0.007991129267582575,0.01750625937439884,0.0015875313452415319,0
Anderson Cooper 360 Degrees,CNN International,0.03788534844016492,0.0030369299464421944,0.004947182108578496,9.568599976933536e-7,7.394991285173976e-4,0.058683526504706325,0.24352695081478207,0.06441688691804122,0.031616969172643436,0.0780989173065255,0.2290810971864613,8.492470933661307e-6,0.1739225684785111,6.507943525372045e-5,0.01845814444865079,0.048444964051061315,0.005233259480797817,0.0018332272479310646
Around The World,CNN International,0.008404267054416971,0.0042491032245163905,0.007260314971008605,1.1672645574922778e-5,0.0030182978364263857,0.07747657295898079,0.4089031914184801,0.0454803780485075,0.04842056619691335,0.06972982212629265,0.02265152308527019,6.787050929254465e-6,0.21115792656983562,7.669645833535202e-5,0.014013127106604522,0.03269428026728178,0.016477885356905055,0.02996758762372058
Beck,MSNBC,0.0964449716163369,6.804320994095169e-4,0.013375285469429033,0,8.164647755286277e-4,0.2945833354580561,0.015241985654342993,0.030163663162404486,0.009754819514772342,0.10557748853845608,0.08607842581990771,0,0.3188924768619218,3.7994220368283763e-05,0.0027463801599001674,0.010306300352047845,0.015263182036919967,3.67942601981331e-5
Big Story Weekend Edition,Fox News,0.05531040902506468,0.032610410276244034,0.012621556779415352,0.0010133692377603102,0.0020340679027240874,0.09668992749979063,0.1630787705880339,0.047985424811849024,0.06240809483262429,0.08656748824857931,0.08538208049731377,2.9385106702114295e-4,0.19212797795400471,0.0015434343295055665,0.025212048062493858,0.08282649421818575,0.04335532261568599,0.008939272053703578
Breaking News Special,CNN Finance,0.005241203159394163,2.4123887754492655e-4,0.8301003654900794,3.405724839031567e-5,9.95579097622553e-4,0.003761596146140192,1.2663846907500786e-4,2.0048779067084868e-4,0.007127006205961741,0.028691740082996818,0.0029597654396998204,2.8287566628654393e-4,0.10706766992996275,2.4267744719254675e-4,0.0018509220823303674,0.003183025037092909,0.007893151829559172,0
Breaking News: Tyco Mistrial,CNN Finance,0.008740485780241239,2.4861129335913704e-4,0.05374124847163465,0,8.943231424427915e-4,0.018573318989573217,4.130209503004537e-4,0.05702791062106115,0.00438976603352325,0.17053016919408073,0.10502475873278759,0,0.23353891274734906,0,0.001513863685079087,0.34392649329580527,0.001437117062762296,0
Buchanan & Press,MSNBC,0.025692105158380475,0.0072290259443546665,0.0034909047874039693,3.8001933417387774e-6,7.161240728795881e-4,0.4384539864234499,0.06978590948287848,0.004960242324517289,0.012294302039131087,0.048125599425216894,0.11887192311709414,2.1423212352160454e-6,0.19922726493590284,7.440100099383889e-5,0.004722338427139672,0.047397855804741415,0.018840872277255998,1.112022640827556e-4
Business Traveler,CNN International,0.020478725231289352,4.944625921750708e-4,0.34852084532994515,7.782223324349508e-6,0.023049968287252705,0.017642445554391564,0.019709561497898098,0.023469974924617616,0.007889008892089863,0.02314877167153556,0.027460195858266714,1.005582718308983e-5,0.13022723105265804,0.001040828022878356,0.012068392997905276,0.001840570805499843,0.03319337885932352,0.3097478003717658
Business Traveller,CNN International,0.05260457393490599,2.90428443305928e-4,0.18148982113767398,9.325439665851586e-6,0.061793320100764604,0.007869881606928414,0.001321572550074559,0.004274955410743159,0.003427020514807446,0.01151893521321906,0.004471768438043865,1.0957909579484947e-5,0.06760080576293709,7.121590459212588e-5,0.01897499098251864,0.0015581181637906892,0.061603027983432014,0.5211092805030171
Campbell Brown,CNN International,0.03148263493629338,0.001030781193397587,0.0037390430623384418,9.322493400477557e-6,0.0014333281132267455,0.014110651294125004,0.10275492890655184,0.11221973591691092,0.044437464117511316,0.07132292179353925,0.13122574662494976,0,0.18893311903148627,9.102002703478208e-5,0.046627207902368246,0.24392072099967574,0.005721805522578035,9.395680646121915e-4
Campbell Brown,MSNBC,0.09042927230884684,0.026607229961225026,0.0023127018081793506,1.9914665104085613e-5,0.0010558938123618653,0.03856514670709211,0.023966783875165085,0.15226406453154345,0.02579341631165303,0.028574736726519848,0.15018220296254164,0,0.1323498579546712,0,0.0034866501668067633,0.31546859210495287,0.008791164184288543,1.3237191904828043e-4
"Campbell Brown: No Bias, No Bull",CNN International,0.007248671361925591,0.001176897031681587,0.0729966484015839,0,9.045948497699416e-4,0.12941792098134222,0.021955354151178247,0.029745206936197588,0.028709999219480916,0.07493904238986206,0.1486333835200928,0,0.1892069921713637,1.097820493398836e-4,3.7161750877780534e-4,0.2219223242713616,0.004163130002710444,0.06849843515333173
Cnbc/Dow Jones Business Video Analyst Interview,CNN International,0.04792150810144635,0.007708425370535514,0.37375680552943064,1.1185127280361475e-4,0.004119578600012247,0.14807568967886256,0.022544172187184564,0.008287035868646122,0.011451277417136703,0.04321778891859547,0.013491182986452048,1.3796047906023813e-5,0.16888888089357512,0.015906163582237457,0.04885457269576424,0.014889046680436578,0.043790372135394634,0.026971852033580122
CNN 'S Amanpour,CNN International,0.03378170537274155,0.014047436182568578,0.001351296897800912,0,2.7523560494101636e-4,0.1931137803717684,0.47201588992017873,0.05941732406547941,0.009010395030770507,0.02120529742611957,0.003593968280659409,8.187970485863973e-6,0.18606777421450313,1.4803756247094925e-5,0.002808926054170243,7.321202227598198e-4,0.002500859231280526,5.499939752524455e-5
CNN Breaking News,CNN Finance,0.03343221792971218,0.0021885970911468076,0.25471605692933286,7.063080128924693e-4,0.005561773855085511,0.06641064364593405,0.0015701392180027204,0.022510216975301204,0.007551908996685361,0.0627269165767176,0.15073113114902553,2.2759264249916911e-4,0.1745090460569985,0.001035070270882853,0.07476542708506527,0.04890131972518504,0.06437169656497449,0.02808393727455838
CNN Breaking News,CNN International,0.010205015243092376,0.0011156779215213842,0.00336216705178571,4.815474462994508e-5,6.253539203360873e-4,0.08699676295045412,0.5127742139601731,0.026201437284954714,0.020753273672070242,0.047584568716283124,0.08930168208647954,7.616691677193105e-5,0.08253412182330833,2.5220089753746764e-4,0.058570628383267355,0.013887619331099214,0.004697760668888043,0.041013194427347265
CNN Capital Gang,CNN Finance,0.001432983194203998,0.0013423113176900437,6.153124072545865e-4,0,1.9483545724392567e-4,0.35020819912168827,1.1228294026513175e-4,3.4241796939967807e-4,0.016604716928792194,0.014808367644564006,0.12140367169322497,0,0.16953466834956715,7.317904176529424e-4,0,0.3217063505900952,9.620919683579938e-4,0
CNN Daybreak,CNN Finance,0.02741277267950976,4.901711565004561e-4,0.011044748333092677,1.1595765968762452e-5,5.867748127058378e-4,0.006674298936767714,0.41638797419445817,0.001768838879118588,0.016830898002953808,0.04696126616198207,0.15858636848965,6.113407881180943e-5,0.1914777045445739,5.0221438513035385e-5,3.3203185163874834e-4,0.01005073031048208,0.006320828487776088,0.10495164187549651
CNN Daybreak,CNN International,0.016477988204228158,0.01653701405529779,0.01849501710753551,5.55196026180423e-5,0.0033846185690833935,0.161169005050974,0.2934247995035721,0.01937254718179003,0.017955148589515278,0.06502869581038656,0.06929475979016178,0.009137079243726084,0.1854771887645733,2.212847982701971e-4,0.05900497881104009,0.03132893417861041,0.010181098636261867,0.023454322102355405
CNN Election Center,CNN International,0.03290508282221118,0.005195113715460209,0.002115707766356151,0,0.001086195136015532,0.10153583557256055,0.0529919199637528,0.004401696084492786,0.026515057902215877,0.015018235496497594,0.15929892882081736,0,0.2004738937058334,0,1.8398037901130846e-4,0.3946472429885875,0.00363110964618778,0
CNN En Espa√±ol - Panorama Mundial,CNN Finance,0.0671563883416813,0.006135843446379875,0.04771298965840679,6.305439812895044e-4,0.0023859772419400813,0.034103526342992505,8.384011225753212e-4,6.092732267551285e-4,0.006346901448496947,0.0020528182832158307,0.0014705559563027582,3.25587325331559e-4,0.03566906368047491,3.609755258631096e-4,0.0038799880107704757,0.0035146849830631093,0.05971517316328022,0.7270913082611805
CNN In The Money,CNN Finance,0.0075634654600162075,5.896047062570145e-4,0.054753550776300515,0,4.2186208402261776e-4,0.3588210226663035,0.10308790094001982,0.02807430986751633,0.0010869525061609094,0.04551493971644899,0.0274904332344826,0,0.359253988963032,0.005068317464349899,5.301407041623147e-4,6.774002469820096e-4,0.007066110663945315,0
CNN Inside Politics,CNN International,0.023494544354638294,0.0021071957516668916,7.464109360658265e-4,0,3.6460985726405174e-4,0.341335838394898,0.40335376219220015,0.0015300583902398612,0.020627537869042735,0.014618772022859987,0.005498607898368198,0,0.18419873250716842,0,9.022792792528489e-4,2.6701502963648343e-4,5.34857817718903e-4,4.1977769897930665e-4
CNN International Sec Chairman Interview,CNN International,0.037540771744885806,9.838041292619965e-4,0.7229662958552288,1.7691851222420278e-4,0.002116167799387506,0.07073191088417806,0.0010145133486888277,0.0032889891744515296,0.02699920701445643,0.0040251056125882355,0.006378993708723631,7.135208210496912e-4,0.1074425209755574,0.0023756666726514014,0.005260293862792906,3.6593168318776136e-4,0.006930800715498964,6.885874851869584e-4
CNN International World News,CNN International,0.07460527034104489,0.00292822775519901,0.0076646394593568356,4.098334776201764e-4,0.003907549238994334,0.07952857508350447,0.04681839885546981,0.06052609966665139,0.040905697630617716,0.1266134843964197,0.24099485739330417,1.277502658477241e-4,0.2660835511052315,1.0099614982106477e-4,0.030003049967043394,0.0015927340687187895,0.012679188978636714,0.004510096166518269
CNN Larry King Live,CNN International,0.02347767699452334,0.009737034103428036,0.002319429469684215,2.1228757172538095e-5,6.221799082195486e-4,0.07320649564573783,0.4881197259916912,0.03523434654273488,0.04220654750966274,0.04873130036302864,0.07445493271821708,6.1225683652821636e-6,0.1337989680788463,1.1494978275846072e-4,0.025418546120163865,0.01607772835821758,0.021712159813558188,0.004740627273990285
CNN Live,CNN International,0.024292112864519176,0.0012347456925711528,0.06288459805278808,2.338818016196173e-5,7.56917488534038e-4,0.09532446280210147,0.3571154266583964,0.07879292714969738,0.019647680630555765,0.05830355209525944,0.06006698912553707,4.023424213758675e-6,0.15409639837421638,7.086371778313432e-5,0.019088848717715257,0.01748565383314034,0.03417647730948574,0.016634933883323443
CNN Live On Location,CNN International,0.015037171991804965,3.6442057639073366e-4,0.002669994578469607,1.4547385712708336e-4,4.532590357391389e-4,0.011377293098553332,0.7744047562000632,4.666270100473403e-4,0.01744519216447818,0.03403815822097818,0.0033581001786043034,5.0239253630349454e-5,0.0528472750633147,1.3409114030316007e-4,0.0041521988331490196,0.005491495602457376,0.008497040993093454,0.06906721220179583
CNN Live Saturday,CNN Finance,0.006964449436040713,6.972585280449618e-4,0.02488668037342166,0,5.612097230835803e-4,0.08124458679251446,0.26395516235235805,0.028274799376868092,0.010490253122670115,0.01817891686287053,0.20755566554640087,8.736669206247756e-5,0.32776815164208867,0.0017640560725854868,0.001095868408178276,0.008700154960701652,0.0042886683595192154,0.013486751750591155
CNN Live Saturday,CNN International,0.02645861047094298,5.083107062177931e-4,0.001449890565417993,7.334970311796219e-6,2.8138608995084506e-4,0.05099099502588132,0.26268709572357557,0.038589142808155195,0.022781631510445325,0.08779033074264277,0.2513162638187074,1.9941420868893587e-5,0.1707205768518537,1.2288904312234845e-5,0.007422622277751487,0.07320486386661666,0.002614017065808362,0.003144697180539624
CNN Live Sunday,CNN Finance,0.022731994983438596,4.533053466757505e-4,0.0012949810274184982,1.1729484813555455e-5,1.6508464645980932e-4,0.06718855682862622,0.10428602381637472,0.05069467073035689,0.13158138373287334,0.20452006473998408,0.12102268344487278,0,0.04894350431467033,9.010001972774164e-5,0.006738436669746636,0.2348579613527149,0.005240249717619428,1.792691436267416e-4
CNN Live Sunday,CNN International,0.009986635733969169,0.007308666451995761,0.001896681305634164,1.3470170398250551e-5,4.1985892073141955e-4,0.08332159924657728,0.30792530379392974,0.10301071018804865,0.04311842535488358,0.07076227822930323,0.20063800428406395,0,0.12116898419445808,2.1030029482886482e-4,0.016746256771091123,0.02767289642820684,0.0015366026867330023,0.004263325945146896
CNN Live Today,CNN Finance,0.01996599579003402,0.004847225916231087,0.006389302045151748,5.583520835405307e-5,7.200981762010907e-4,0.0362261484746988,0.17166739697314426,0.03591551190938582,0.014248257444368414,0.08680314433311509,0.3157845148048299,1.1990968002586207e-5,0.2536808407982795,4.1563123055639165e-4,0.0016633427320559282,0.030985625206528818,0.013917219365675033,0.006701918623387475
CNN Live Today,CNN International,0.01650723380321247,9.4730693678769e-4,0.010088528792580492,5.2340696851124124e-5,6.690628549220977e-4,0.061260639839065475,0.33998425836194335,0.03706356916726957,0.019402386470793263,0.08259892835203636,0.20403587819279106,4.193490510218675e-5,0.1773071982573569,4.8404826717034645e-4,0.006435479283999663,0.02543104126746038,0.0035122461026734445,0.014177918447984121
CNN Lou Dobbs Moneyline,CNN Finance,0.009951278029833591,7.949556748206027e-4,0.11727412366090695,0,4.2467556829083215e-4,0.18317401458488433,0.43788831845338494,0.0026472274080067814,0.01713535468937451,0.030918927663876754,0.07246421075975089,9.297671611292897e-6,0.10598570074888747,9.60653472733568e-6,0.0032443957190522736,0.0013700660560977908,2.7779473493330843e-4,0.016430052041560363
CNN Money Morning,CNN Finance,0.013406318163676973,0.006644462896288412,0.6525076985301936,0.0021201876602401,0.006160897260005409,0.03754993844807068,0.011879356507045113,0.019400040161307513,0.006494187055560342,0.036470094420433606,0.03224671128884727,0.001314800908777931,0.11560623232574437,0.005510618102487369,0.00654378383948808,0.022500024404873996,0.018894242735935568,0.004750405291023626
CNN Newsnight Aaron Brown,CNN Finance,0.05863813304800462,0.0010185933975288158,0.0026983578497149566,0,9.269735177243625e-4,0.22149704613117074,0.45716632933955825,0.002121308744617634,0.025202029919388413,0.01104176382330382,0.08353607942650657,0,0.1338232940089769,0,2.804898714302164e-4,0.0018867025061260684,1.628984159486211e-4,0
CNN Newsnight Aaron Brown,CNN International,0.025476482579806885,0.0016141063786903158,0.0012905438004214822,0,4.690693587391033e-4,0.08546834403939092,0.23666603573291015,0.03925950760219778,0.041793822648461265,0.037597502282148615,0.2641681407824298,3.1843716109312412e-6,0.14476422476591472,1.2938469840124566e-4,0.01590655747004673,0.08426365224066278,0.002321616186166628,0.018807825062000662
CNN Newsroom,CNN,0.008258546184014,7.203912592894565e-4,0.05891060910532484,0,4.565662303109107e-4,0.10898194321215059,0.0314482561663386,0.05851515849562695,0.023612695228565718,0.0738218104369379,0.3269270589287933,3.6624201257997186e-5,0.2224238244767076,6.583867208911597e-5,0.009320411522806072,0.05366263988826422,0.0210712479156283,0.0017663780758944193
CNN Newsroom,CNN International,0.014510270125091233,6.651841788670659e-4,0.017061708214110627,4.138644269801885e-6,0.0013391540461275698,0.07729169108211985,0.1384515229821776,0.06565675035669787,0.025077329748639732,0.07536942783405619,0.24921814254953736,1.1872202015623677e-5,0.20956152044214107,3.1410797952260663e-4,0.009089560329508422,0.10213292042286255,0.006451677077410576,0.007793021784844264
CNN Presents,CNN International,0.01876014910321137,0.005768534937076029,3.2545970823262885e-4,0,2.505799478267173e-4,0.3054389887056381,0.38668146010256593,0.002326979083474852,0.01139782165045646,0.026076323404292362,0.03420086899519573,0,0.12113357296023743,2.4214847032690934e-4,0.08512147320773623,0.001390985685591783,6.440269933037074e-4,2.40627044833695e-4
"CNN Presents: Cnn 25 """"They Said What?"""" - Top 25 Sound Bites",CNN International,0.08041244515120335,0.008679198697754669,5.976684508697704e-4,0,0.0022595484350057425,0.2098977101916193,0.004897942823806176,0.002907453518820112,0.005705532527643537,0.01618745569515733,0.2562107022138641,0,0.392663184213899,0,4.989655170239977e-4,0.015030728824866767,0.004051463738466046,0
CNN Reliable Sources,CNN International,0.20194775999258593,0.020278577160320294,0.03492512360508346,0,0.0017373768062654163,0.17015750213424133,0.025996390065686208,0.01992371889188054,0.04090511652996835,0.047870951153754365,0.09172784118744647,1.7991325675405817e-5,0.30804204423522746,0,0.0035360116084810576,0.019225941002636616,0.013408579390297378,2.990749104497346e-4
CNN Saturday Morning News,CNN International,0.014979917320695401,7.448274524342252e-4,0.009840673982713917,7.157494801631844e-6,0.005637416890943525,0.060776003297682825,0.15369530373989182,0.07264752741443964,0.016566611885038815,0.08500519852349066,0.2603591754730011,3.479788380505913e-5,0.18221734819988547,3.79392865285655e-4,0.019534776302458305,0.08266761321972065,0.013521455927647833,0.021384802126063487
CNN Sunday Morning,CNN Finance,0.0016854897050710685,5.219396452951591e-4,0.0019705492650210527,9.68526439124253e-5,4.1485989675916514e-4,0.02072094060703445,0.0029267397402069238,8.125532306303823e-4,0.01006057350534691,0.051013526405613296,0.4508549366306402,3.441876061954308e-4,0.06649319001505136,0,7.901398591037341e-4,0.3791111971042457,0,0.012182324139872646
CNN Sunday Morning,CNN International,0.00865058947886721,5.534109843625334e-4,0.0038657312961571607,3.906734439130511e-6,4.93801894241311e-4,0.042315916267345745,0.18587880420865124,0.03504719283581143,0.043967101616993756,0.07372171319090484,0.30313364340760346,6.824462453569153e-5,0.14513106966049408,3.93337016223847e-5,0.007254611894186677,0.1215707287907662,0.009500033705940483,0.018804165707076673
CNN Sunday Night,CNN International,0.013062077631028816,6.235081188442329e-4,0.09233311872108071,1.0108893277446e-5,0.0021010905446457533,0.07466192021673847,0.23940901690614944,0.06316109389829463,0.09461843484002352,0.09618706694679084,0.010954805393439623,0,0.17118520926652747,2.4053709152864898e-4,0.01209799726072472,0.07386540761859749,0.012788225833901106,0.0427003808184071
CNN Tonight,CNN International,0.013374088002369526,6.290640754452734e-4,0.017865875933048083,0,3.965518659589747e-4,0.11588249223702453,0.07391219709358934,0.0990422702853366,0.012547327095038667,0.07670695786159103,0.28483732152483826,0,0.27520158633516023,5.459709757283447e-4,0.018983762771779142,0.006804701961519975,0.0015626622143643971,0.0017071697672075995
CNN Wolf Blitzer Reports,CNN Finance,0.007328481308381527,0.0012037993968886211,6.349227270730721e-4,0,3.425397724088365e-5,0.03483588557206995,0.5346952285173779,0.013515696552052396,0.01994499823973384,0.02026578927748326,0.25322933690520005,7.605108946224854e-5,0.11151645818712479,0,0.0015697733643907134,4.4271656311798503e-4,1.715281342767047e-4,5.350801881260274e-4
CNN Wolf Blitzer Reports,CNN International,0.0044385403032607745,5.091913232140722e-4,8.353384861279781e-4,0,1.268114800015117e-4,0.21033718881887337,0.3106851000816438,0.05222755363621385,0.01194992245801113,0.05957741367258571,0.22117156158150306,0,0.1249402173040289,0,0.0015078396334246272,9.030589554325372e-4,1.6612494321421875e-4,6.241373224644452e-4
CNNgo,CNN International,0.06844873664407307,0.002025931204899429,0.0016848714426179504,1.6085068962928158e-5,0.19998885753087262,0.005151399080663955,0.036790147489986706,0.0029031774563067644,0.0386122092010688,0.05230410265538544,0.004425483250497195,3.756243813695678e-6,0.10385276410920935,0.012871194077998466,0.004596535983686449,0.0011342580837494557,0.08729410831705012,0.3778963821591576
Connect The World,CNN International,0.07305966069105903,0.006668985559942025,0.009215397610208698,2.7869150798003967e-4,0.001991903907731392,0.04024166765190694,0.46538137173322786,0.02962766399411632,0.038367216949308086,0.04622226756166545,0.019464049997907636,6.271157663986504e-5,0.14261308377560009,4.278823167890421e-4,0.013992279343465924,0.08379019287705836,0.019313821231701746,0.00928115171369152
Countdow,MSNBC,0.43001785431083417,0.09447975368593774,0.0017447106321942497,0,9.306195324900731e-4,0.033820282783690356,0.003858211788423705,0.009811428261738926,0.009944945414164871,0.03351479221647381,0.04026447196538145,0,0.3267418875594351,0,0.00915051749768156,4.002331474209922e-4,0.0053202912041329375,0
Countdown,MSNBC,0.07366898464841369,0.0022636754951826108,0.006667518683870335,3.032870911864008e-4,0.0013378150157761384,0.12142089825037865,0.07776780272190009,0.03765465911737549,0.045793888433103405,0.06308125256397422,0.3094423948680254,3.627390833910489e-5,0.19861652316603026,1.28621653813235e-4,0.00567281025851721,0.04578021635527359,0.008047865505376294,0.0023155122634639135
Countdown: Iraq,MSNBC,0.048359148860106,0.017415574362195426,0.002809524511932715,0,3.9454021384998213e-4,0.10588277316507415,0.2098232162439385,0.049254754930189736,0.04487906848293741,0.04180464559476721,0.3062059044721245,3.644360155780872e-5,0.11854399787892678,1.6217663905994512e-5,0.004339227417958137,0.039762010670080845,0.003521795257389179,0.006951156673065705
Crimes Of The Century,CNN International,0.07067896353595621,0.1719910488237464,0.006722076397755258,1.112501677570031e-4,0.003744687364951378,0.1677794722752886,0.012597663900081168,0.01431502406009411,0.03359694725169993,0.08348070433388438,0.08733271657602637,0,0.2890810801460734,0.0011242174155884324,0.012312714327847488,0.010096580657726749,0.023591409890066868,0.011443442875456206
Deborah Norville Tonight,MSNBC,0.13156577941198885,0.014504205405773091,0.011175632816276976,7.700388723550823e-5,0.006193260558829745,0.034766479204917766,0.06221287197618517,0.11219093219194706,0.05028076842524633,0.09010628133007169,0.09194927105179794,3.13122734425401e-5,0.27723460891182933,3.7150145188869085e-4,0.020485595418822417,0.05088827454956748,0.04379533194463724,0.002170889189542163
Diplomatic License,CNN International,0.05181434715048816,0.001097575818770785,0.004924137839387357,1.4390124797621755e-5,0.00531244806158027,0.2893934003463101,0.299961667319557,0.04300604385924647,0.0152857796909042,0.04243633289069322,0.0030490181444632414,1.323418599530591e-4,0.20581408158273615,7.433280281290929e-4,0.008111245377634982,0.0028964539848249614,0.014397419638160389,0.011609988282362923
Dolans Unscripted,CNN Finance,0.04419068554458364,0.017706465972557196,0.05023349299119644,0.0017352872098486147,0.009758937132120667,0.1191303497108721,0.010965457551840497,0.025395577705357688,0.04296504013400792,0.04060694309918436,0.05347438468040059,3.764063780045854e-4,0.26123885735631486,0.012813624512369271,0.019736908697944602,0.1940622697387497,0.08220845935188466,0.013400852232762613
Dr. Drew,CNN,0.0044964147066382625,4.886054282709079e-4,0.0016174413124934416,0,1.75066890817555e-4,0.061768905760149796,9.46940270741724e-4,0.5363621929457099,0.0015997147166916508,0.02389253365324998,0.005503283341601651,0,0.20935595933121826,3.889918354473119e-5,0.04862754025034101,0.09932387054417273,0.005765181691798739,3.744997255966956e-5
Dr. Drew,CNN International,0.03769838806543252,7.126575963450129e-4,0.002414100824773706,7.034330815029673e-5,8.19797944204451e-4,0.014072909788710296,0.008194154609104548,0.34348778193679635,0.009495578787985594,0.16652419118593081,0.049225607575230666,0,0.3450463363681937,0,0.007063120813160939,0.008446844969427703,0.006494942754519509,2.3324347203391277e-4
Early Start,CNN International,0.013026699244769829,7.518695510906408e-4,0.01030065903113464,2.291656184438407e-5,0.001953448725857862,0.06352967513719436,0.11998681160578652,0.011622523038365664,0.018707905818705184,0.10335311243501244,0.2581214379899128,4.6705280461185615e-5,0.1700617894035838,7.313280158596326e-5,0.004349028552652862,0.19265114395275784,0.0065327043819077965,0.02490843648737622
Early Start With Ashleigh Banfield And Zoraida Sambolin,CNN International,0.015219190304413393,4.8618335114397864e-4,0.01322443822806558,0,0.001880937739740281,0.08773072636956183,0.06633202542329299,0.04664139919972652,0.01767380991528165,0.12492338470449188,0.2383288207914592,1.2796478189084463e-4,0.17236255191048652,7.926991215370178e-6,0.004775854354013656,0.2045177262496397,0.0046699706830546734,0.0010970890025219547
Eco Solutions,CNN International,0.018304207330811395,0.002727675924713304,0.005643144813723116,2.0237976760566905e-5,0.0822521717816893,0.03479534357254054,0.05824952878036305,0.02156429525645509,0.013159739517777283,0.04277385581603122,0.006440455632808982,1.1025222429227147e-4,0.12662785521424216,0.0024077811293664398,0.47670020796566537,0.004526336787204245,0.05044666546241224,0.053250244813143416
Erin Burnett Outfront,CNN,0.007968771088500259,6.308503370085487e-4,0.014555111110121652,0,9.1008690207683e-4,0.03384058282225087,0.01302968261175447,0.02872320301710702,0.2081675992398913,0.02746656878663805,0.17074738587743393,0,0.22088472059990322,0,0.001830491273978683,0.24636108529099945,0.024740215078162396,1.4364596417333234e-4
Erin Burnett Outfront,CNN International,0.010242171354982002,8.756475981193018e-4,0.020956479850080256,1.576947781221968e-7,0.0013435956795628025,0.0762399638099095,0.13149232973454308,0.07474069971508433,0.08070842541729109,0.06094870536512785,0.21191489925069662,0,0.22456360656666208,6.185021920509205e-5,0.0030110375848049916,0.09372480205496078,0.0030476853618991964,0.00612794274229291
Eyewitness News 5am,"ABC - 5 KSTP (Minneapolis, MN)",4.98204298893903e-4,1.2863316677363842e-4,0.382346958381211,0,3.2437328963347354e-4,0.0011308717108780481,0.001857281181660209,5.490597951865221e-4,7.170437999958814e-4,0.28359534282931365,0.17653574917322756,0.0019659576224614946,0.02964366391736198,0,0,0.04539171971528276,0.003721939809822908,0.07159320130829686
Fareed Zakaria Gps,CNN International,0.019502424666046216,0.0047081682343172865,0.003439649144741054,0,4.2418377516238747e-4,0.2507861208344825,0.35123084573966623,0.026061527930432503,0.007102681711723867,0.012815061452045083,0.028272846538736792,0,0.2613472045518798,2.3831371984318835e-5,0.012299698137578786,0.01855526484146431,0.0033492029951470268,8.1288074591847e-5
Fareed Zakaria Gps,MSNBC,0.11050580375860979,0.018131084649442818,0.010315367957581836,0,4.772862276189771e-4,0.08623975863338117,0.15480254673966842,0.07031231211250144,0.0035988903626434088,0.1858574674981044,0.0034610646799844427,0,0.325313468620252,6.92522761311288e-5,0.005034997073273237,0.01918928314005187,0.006691416270755018,0
Fortune 500,CNN Finance,0.008528199613201672,2.5837748991720377e-4,0.46223677059779633,0,0.001643001954911042,0.10571859659017703,4.483992720100509e-4,0.07157013108473967,4.59561431577655e-4,0.0017086398280262264,0.004197576276687404,5.736874083767483e-5,0.3228265087273785,1.3016210753965453e-4,2.4447922016828283e-4,2.5747141062999523e-4,0.016524341271325984,0.0031904143830756623
Fox 47 News At 9,"FOX - 47 WMSN (Madison, WI)",0.0016139462626181956,1.300935181196813e-4,5.915741631598999e-4,0,0,1.8838240813887533e-4,0.0029567186691611225,0.001309928347227915,0.2984412020089703,0.052101659086165236,0.02030526526075964,3.4654290549862894e-5,0.004681037589284455,0,9.467078532642229e-5,0.6144590525021972,7.740450331061375e-4,0.0023177700752150276
Fox Hannity & Colmes,Fox News,0.05091817302369807,0.02551126684334092,0.00928545671409461,0.0010575724223686603,0.003324908021338914,0.1957893531846576,0.06216707197604745,0.03520222692355997,0.03648149293542701,0.07432851330658212,0.16067269247056282,8.503077474140488e-5,0.25083724581917427,0.001398787995274746,0.009428460851608927,0.05463441213965069,0.02385457494323186,0.0050227596546399645
Fox News Sunday,Fox News,0.06086546464961196,0.003988570303488232,0.01384337457932842,8.506992756618987e-5,0.007702781737246213,0.3340641355924467,0.1066262107864725,0.008141809469174055,0.019692445841154125,0.03273263267493512,0.1417928625182937,6.152610948976501e-5,0.22034050982062853,2.1159741700056242e-4,0.005020632642198864,0.02369617348481264,0.017753567298504053,0.003380635147648379
Fox News Watch,Fox News,0.06912256818015566,0.03252105288529394,0.009631848949355903,1.1438959470857993e-5,0.0011965051945357476,0.1111706054583622,0.010802319510152326,0.009133082220496422,0.04203493342783896,0.016972924809101963,0.03095190882362823,3.4442210047240235e-5,0.6241695294175392,4.2690691545208094e-5,0.004581035222734018,0.02907714449957378,0.008091791527318898,4.5417801284942184e-4
Fox On The Record,Fox News,0.05101464754145238,0.017980788200864208,0.009260506235023943,0.00416635075686492,0.002469234687270924,0.10307784875331752,0.10447979749326246,0.03564061726371016,0.034038805852623484,0.08790048018382673,0.1442860686433214,0.0015892218338082837,0.15718679518824683,0.002893377590250308,0.03380223869622712,0.16868604094109016,0.025377215969537733,0.01614996416930144
Fox Special Report With Brit Hume,Fox News,0.04050413295443106,0.012064631624983732,0.013210225600873352,4.311920019973919e-4,0.0017092226245744423,0.20412634315612008,0.23214189448738012,0.006792589059328747,0.013368970977525967,0.03657923398727555,0.27156317757095105,6.169626070072241e-4,0.12396013737393993,7.298827211791031e-4,0.007850167429832564,0.016522623303194015,0.013566387938475869,0.004262224580929796
Fox The Big Story,Fox News,0.006535475854942318,0.008350651131523374,0.00426487330656683,0.006783790500269272,6.168394696641357e-4,0.02650105286347013,0.37568817636628693,0.003734471361486486,0.008360713939518316,0.05913334560292641,0.25697963942115526,0.0014132921256971595,0.12036761886998945,0.002175117323733153,0.01038023134744213,0.00937005136662712,0.09443294856192475,0.004911710586776835
Fox The Crier Report,Fox News,0.19048834694786843,0.0017089665040117548,0.011181273574381735,0,0.008410236438546513,0.22350203760440743,0.0030268785093288033,0.0035805564567353977,0.029173325346839543,0.1741319794372882,0.0673306849174701,3.6857615452891285e-4,0.17309508838670243,0,0.0048509719761278495,0.0016883064521682942,0.10480146385918979,0.002661307434404777
Fox Your World,Fox News,0.008694644100084482,0.0033123357029456292,0.13787605222720611,4.914378256691382e-5,7.073339915575023e-4,0.14262593997291348,0.05211726938740172,0.013715901660632981,0.002678854780472698,0.0072015621797106456,0.057446958121903036,9.571686236170432e-5,0.32858257892618026,0.19667368009502847,0.026685353962860155,0.005324010457800628,0.009833214784965138,0.006379449003408383
Global Challenges,CNN International,0.01554441068764444,0.001238896498468949,0.0074552988456295325,5.0560528691817925e-6,0.0026471393327405766,0.04603371251678366,0.060472653848451165,0.11896753409458481,0.017132277754419535,0.04639618370706685,0.013707793448759633,3.9323104541580656e-5,0.15685330233046213,0.0020340185219915787,0.48007245594304615,6.009110942010444e-4,0.007717357685170754,0.023081674533168405
Hardball,MSNBC,0.017678009427235162,0.002619540606941315,0.005561063346180367,3.1822271610141016e-5,4.900814102103615e-4,0.16086809786780498,0.06063887259481652,0.018220437969601485,0.010607891607936898,0.04557983267676264,0.3032651140483262,1.748008327494054e-6,0.3022456778109906,1.7765939467821203e-4,0.0020440813976657134,0.06586959945015387,0.003770021072315239,3.304490384428412e-4
House Call With Dr. Sanjay Gupta,CNN International,0.00655883546805458,1.6982595294224846e-4,0.0012466471878800353,0,2.852725369206898e-4,0.006527855173605596,0.007835991663777327,0.8331406440041015,0.0018968680476759874,0.02507399076889126,0.03254830916170111,4.76117731072079e-5,0.05846971038567539,0,0.0187862859884594,3.954593417601956e-4,0.006805843731129103,2.1084881431839163e-4
Imus In The Morning,MSNBC,0.00811015446189578,1.5387266230311073e-4,0.34047889247582025,0,2.2224562604050788e-4,0.005790935007291154,0.009023625549270293,0.07322077733610557,0.03834190760557634,0.1267988876959908,0.01719445845615427,2.381202698211162e-5,0.14449452710971528,0,2.1589586420214666e-4,0.2343012612061394,0.0016287469165129971,0
In The Arena,CNN International,0.02184022204155151,0.001254404863367538,0.007893393636345543,0,6.078533958044173e-4,0.2064723583370765,0.0991139176565184,0.019430732876121196,0.004656859487779896,0.319282914943922,0.03850130294377385,0,0.19417139937316383,1.0143826919449943e-4,0.035357516392442556,0.04476147032325963,0.006034500415605229,5.197150440734224e-4
In The Money,CNN Finance,0.04556273836616381,0.002019138735297474,0.26167301227243595,0,0.0038283589962581706,0.05340727130734171,0.0035702592414129314,0.0559246421647613,0.020829104416954437,0.12964151202412158,0.06340321116260181,0,0.34780776652515233,0.0010781842820870933,0.0059226357374383915,0.0026719434682710413,0.0026196803190866326,4.054098061541666e-5
Inside Africa,CNN International,0.0895357674802858,0.01006055269434575,0.013822030224381877,1.0386731904521336e-5,0.00295311098832655,0.12427143569386813,0.40519039688450303,0.061764829479792525,0.028449818945757478,0.024133498201276332,0.004056450627194901,6.938938848209149e-5,0.13072448033929537,2.1748438414993736e-4,0.024529209700427622,0.052040077984773114,0.012880646239548729,0.015290434011686215
Inside Politics,CNN International,0.0036090176453588774,8.318544970349279e-4,0.004939936704051375,0,0,0.035316860955774146,0.0013626651863396576,0.001069609064663734,0.005060606049792213,0.03278443832662549,0.5567636853757492,0,0.34806784458138895,0,0,0.009876385577755914,3.1709603546555205e-4,0
Insight,CNN International,0.043915294630625136,0.009446559663843829,0.015611925569700444,2.9852304273002025e-5,0.00281709694442668,0.1801366546752527,0.3848145062054813,0.04572611567675955,0.010739517126425081,0.02616188310072052,0.06923122398211784,3.839647564296492e-5,0.14869019259336846,4.615782637386534e-4,0.030750405341838854,0.01362935235672672,0.01018601992961591,0.007613425159442339
International Correspondents,CNN International,0.13684061897630898,0.027487000072172498,0.029797672348572713,2.8528233006321312e-6,0.0011709093472161596,0.18272970843329667,0.24593488885395431,0.018470549014739334,0.041962825871975744,0.025664748587541975,0.01307007594103617,4.480757578153442e-6,0.23499567986925318,7.337142466454586e-5,0.011452006207641212,0.014342639966256447,0.013440045427340785,0.002559926077150519
Issue Number One,CNN International,0.009470052195808959,4.7537679322211257e-4,0.24939013715932756,0,0.0014862330627524803,0.10170117573278635,0.09482183184021756,0.10440169348918127,0.0020349082019393092,0.01685431477316337,0.08230713879219029,0,0.3072311220437847,0.01420015037185518,0.0027033241321566567,0.0067584412805396475,0.004595122556187752,0.0015689775748867713
Issues With Jane Velez-Mitchell,CNN,0.13735626559550315,0.0054236997961178285,0.0030486973656231415,0,3.3907559706003974e-4,0.05794964079698742,0.013607682321457438,0.028690795542489225,0.0670172784700495,0.0373880361644853,0.11056220617373042,0,0.4911805022992963,0,0.003341549340964753,0.016804247841502744,0.02707378470667846,2.165379880543375e-4
Issues With Jane Velez-Mitchell,CNN International,0.010100264140955046,0.004567663040537162,9.717444270604278e-4,0,4.420256136753636e-4,0.02565775636920182,0.009439645589186333,0.04798330759363771,0.022501998003760477,0.13795050925726407,0.0988048366688165,0,0.4855574379567526,0,0.001605490199659933,0.0742769584378525,0.07960791715329382,5.324455483462322e-4
Issues With Jane Velez-Mitchell,MSNBC,0.009873618734030951,6.30275370491488e-4,0.005129935502170257,1.0383059850018703e-4,0.001167384498957241,0.0034265685902198435,0.08122872782434964,0.13386588924122786,0.03736745109689752,0.062404573184295625,0.038282229985128285,0,0.5802496163469325,0,0.008659122537893166,0.009095343730311671,0.015398749840629708,0.01311668291796405
Jane Velez-Mitchell,CNN International,0.07839446324187277,0.010439342039050893,0.002445399778375516,4.326715401786496e-5,8.783464009074458e-4,0.010925632565596076,0.013170112781456304,0.10772268443710058,0.040803075663275575,0.1690350680526743,0.12791748240206624,1.374410322485291e-5,0.39075383730093616,1.8547030882000014e-4,0.006336115801588882,0.015086537486535585,0.024909761317845794,9.396591646552273e-4
Jesse Ventura`S America,MSNBC,0.04473144259016783,0.005649778760026203,0.004679383090505835,5.608300408727922e-5,0.0019687948591017687,0.2962660342375923,0.02806513235853346,0.025529294768098013,0.005045925922249878,0.05143974825322128,0.11100753112917847,1.5851956425811262e-5,0.24674634549162486,1.561813938971961e-4,0.01091204943998299,0.11041021543017102,0.05533035011242422,0.0019898572027116307
"John King, Usa",CNN,0.0145725447888756,2.3361779997296193e-4,0.0012115566009491933,0,3.068613513634054e-4,0.006603541138615493,0.08143505345660353,0.026441565420317652,0.05136475949444161,0.009765949387119634,0.4760043719791468,0,0.13140436972689762,0,3.740198024834481e-4,0.19627251175051577,0.004009277302697282,0
"John King, Usa",CNN International,0.010263008974047468,4.349608545730041e-4,0.003328367036409405,7.635075729976363e-7,3.110021910751587e-4,0.08926146651697243,0.3537248227070848,0.03701543778309592,0.018210336624409035,0.03757677370526712,0.20608732227771806,0,0.20247853238720936,6.163097463573769e-6,0.007901249151473074,0.03036707063485234,0.0012657465702075419,0.0017669759805686981
Joy Behar Show,CNN,0.09517440074313213,0.0012368778813001047,0.004042711087807967,0,0.0028986084120849066,0.19732758561001598,0.005605518110430589,0.011677964902945131,0.020374687372836386,0.051521496954602584,0.02097647579847652,0,0.22794997973248865,1.1741658418979127e-4,0.10876517853971177,0.008198176413441133,0.24351930212937034,6.13619727165978e-4
Joy Behar Show,CNN International,0.15040770079388918,0.0010889046325594951,0.004817731925965762,0,7.684106035819406e-4,0.07251252954784708,0.008758702014897304,0.10915544646201747,0.051388565351814276,0.18459591951757204,0.005624400660972459,0,0.301166724756716,1.6854242926584153e-4,0.003915931193908126,0.024887928169189673,0.08041097839060479,3.315835491984995e-4
Joy Behar Show,MSNBC,0.0761441216054269,0.002413733560630525,0.002009240021184151,0,0.044494703366888023,0.010832389531858838,0.007452455112249012,0.2557219635626954,0.038959733255376515,0.1457136821834819,0.012095808321904914,0,0.3275059641153646,5.9492572518319197e-05,0.020225677762905826,0.010852974151556354,0.04507252913891042,4.4553173704832356e-4
Judy Woodruff's Inside Politics,CNN Finance,0.005202531708797365,0.002370395308634063,0.0011498304543163986,0,4.222479252650559e-4,0.1831699179458713,0.005980612430022791,0.0010039406433109731,9.54503680962603e-4,0.01034388975342663,0.6591307632766599,0,0.12824871054376574,6.192315045669543e-5,2.8863714243521446e-4,0.0010970330983409353,5.383556127015293e-4,3.6707325032825707e-5
Judy Woodruff's Inside Politics,CNN International,0.02217174541880173,4.044211931926396e-4,0.0027949401858445985,0,1.9194273358353212e-4,0.01972355420734676,3.6906540657933044e-4,0.00968729623389903,0.0010111370522359784,0.016397143198534025,0.7304338263098197,0,0.16060916824082078,0,0.0013245959186542209,0.030053007357610077,0.004730590287921035,9.756625515666464e-5
Legal View With Ashleigh Banfield,CNN International,0.012832241849984632,7.078731552195456e-4,0.0011859136436869705,0,3.015209917588778e-4,0.09613746567746731,0.38583304034866106,0.002567212120508736,0.020107628939474497,0.014572263982573152,0.14658548763873372,0,0.3129783080742364,3.2884154434120533e-5,8.122963793660621e-4,0.0019515454217860781,0.00308140007568571,3.129175464231144e-4
Lester Holt,MSNBC,0.011055292481467019,7.313447649605005e-4,0.004616818419333981,0,6.683141441129437e-4,0.03473373965692645,0.31387922016372005,0.17566842051253403,0.008099893314403426,0.0278582483957718,0.1252531815602477,0,0.26864153758286335,0,0.0022659920198013226,0.023285070759563653,0.0032429262242937426,0
Lester Holt Live,MSNBC,0.018879430708128322,0.005830460336592386,0.003012175085879063,3.5253521242834407e-6,6.198584981903506e-4,0.091226198329546,0.3971724384838304,0.00971696943790278,0.015191714525779002,0.05188511152059697,0.26179343123037574,3.427451326646432e-5,0.1170032921477058,1.0152283555500121e-4,0.0017160034670107307,0.013263091025208763,0.0012704195330848914,0.011280082969223032
Live Event,Fox News,0.05166123469856627,0.0042252965944468744,0.010112949322397475,0.01217671630597894,0.0012958959692282045,0.16326299369046937,0.02937466071867334,0.010589092489331318,0.02124400151783223,0.033151306083472484,0.38487253646725733,6.0392780789182895e-5,0.15182255001258252,0.0015126938978798426,0.010443477575946849,0.08617003728975817,0.015081624528818158,0.012942540056571437
Live Event/Special,CNN International,0.13734985363341162,0.005617365411681894,0.00935157657942127,4.3067689424065504e-5,0.0012150448790644826,0.12966679483002422,0.23547673765267924,0.0063268589303902174,0.004882616772274985,0.05133375640107357,0.0024002802536945093,0,0.3680330560096895,3.629214646925062e-4,0.01082197868916758,0.013927727701060145,0.02199408760116136,0.0011962755010888517
Live From The Front Lines,CNN International,0.0027311232578111563,1.8795940912369008e-4,1.6478673314762745e-4,0,0,0.5776720041103103,0.32620487086911154,0.016500960036148662,0.014297222578415966,0.00439840588379988,0.007231234335140221,0,0.050418681863157136,0,0,1.9275092383381663e-4,0,0
Live From The Headlines,CNN Finance,0.06600438469048049,0.08968659343161703,0.16943001937707228,3.316927219477028e-5,0.0013841227180288217,0.07238766504098344,0.10805840719937293,0.005411128249153052,0.030842879689808294,0.03679048027058437,0.1174143464507333,7.276366128706473e-5,0.16784022983054883,7.909593229468051e-4,0.05292442031788871,0.001326539923275477,0.060127318555857644,0.019474571998166698
Live From The Headlines,CNN International,0.020671398351312188,0.012852677693291589,0.0024751031095289868,6.641318199653429e-5,7.661968917137479e-4,0.2584747395189961,0.424348241222975,0.030696302796209583,0.011596124090745643,0.03505547660385271,0.05036918356711745,1.248711952857998e-5,0.13272303959592877,2.281237167345428e-4,0.0036501904092963774,0.0027600642502154733,0.010244931406728351,0.0030093064738283483
Live From...,CNN Finance,0.02742396866263549,0.05378038337592313,0.04542373768158248,3.595544329508316e-4,6.017259323623186e-4,0.058130372389653795,0.13227333641924355,0.030052408399505473,0.02583731030569158,0.014399386411602048,0.15134535258408913,4.3129930423251944e-4,0.2013656910263066,1.1808043957044895e-4,0.0046436059228566855,0.21123764193094663,0.009948569820388886,0.03262757496045844
Live From...,CNN International,0.01257118528899242,0.004965448112040289,0.006141840878543949,8.272161672589519e-5,7.284359067257438e-4,0.08732497766230739,0.3238305270096429,0.03909611583056713,0.047172880247597866,0.04248716322064139,0.21339837181400143,3.706706072200215e-5,0.15463365053941258,2.2608528522979437e-4,0.01661667786481732,0.037197337512304536,0.0032749539029142405,0.010214560246813156
Live With Dan Abrams,MSNBC,0.13859053088061385,0.0413995580546856,0.00345205312620211,3.709674974621583e-6,6.826553324656472e-4,0.08131922806961366,0.01808031708775166,0.046566385226586834,0.009475269572489481,0.1305822941804052,0.12707891971370608,0,0.2816991500374688,1.0363058425443586e-4,0.010266545340817052,0.10132858686171708,0.00826620903441466,0.0011049572218332152
Living Golf,CNN International,0.01966501234883835,0.00248138040209435,0.0019731238932918296,1.805527375427274e-5,0.0035197375243148166,0.009290460235285937,0.0020200739837307235,0.012722039264857026,0.010954620776257331,0.009304153926884847,0.002343327477286518,4.019205495167541e-5,0.03959739078968872,0.002425126781597915,0.0064596937642998915,0.8106197156667951,0.016086270890225685,0.05047962494584496
Lou Dobbs This Week,CNN International,0.001558347369358214,2.2005707528009597e-4,4.236865943399653e-4,0,1.5027846561162624e-4,0.08491506293613046,0.004222766432064991,3.1992074315254673e-4,0.004041475573323703,0.021748312775313944,0.670129324214035,0,0.20913465994247343,0,1.4743790321782913e-4,0.002914547200301968,0,7.412277539621557e-5
Lou Dobbs Tonight,CNN Finance,0.006947353107289202,6.401592788682519e-4,0.016787420220211152,5.329931336884221e-7,2.5223843144437405e-4,0.12992167432949736,0.24574333821824676,0.005380269720297206,0.02007404252051817,0.035246787210179,0.40591354973351174,2.457246029799572e-5,0.12009741708700493,5.730506777925497e-6,0.007243952117564684,0.004126432802047371,4.554310196235825e-4,0.001139098243486621
Lou Dobbs Tonight,CNN International,0.003874129234303749,2.8539583497395806e-4,0.002602993136078746,0,2.2700695846243824e-4,0.16537413390362524,0.3631187846765645,0.0013779234099854656,0.008627687759239921,0.020414042982538,0.3275385663569118,0,0.10396501179572354,1.3571236282638838e-6,2.105911640877327e-4,0.002202801336643353,1.7253682032422458e-4,7.037506909017437e-6
Market Call,CNN Finance,0.038185859386813674,0.008731158840720463,0.4242329509534259,3.927352302741148e-4,0.01454276623337426,0.08048237247702476,0.021995285697417266,0.017936698438161723,0.01514160532748818,0.05373348030015036,0.05401707928907083,1.3392686723639468e-4,0.15559286578118772,0.005660675679907627,0.018557028275268606,0.04408651081191461,0.03662059368157351,0.009956406728989998
Melissa Harris-Perry,MSNBC,0.02768904643544701,3.211727560195725e-4,0.0019198987675825327,0,0.006012201065989792,0.29692886613867037,0.03070464070704958,0.13742980817353365,0.007324762350028295,0.07692066368843926,0.12250134203747345,9.06136783601466e-7,0.25000025854183877,5.296850534346345e-4,0.002202080174592801,0.03626996334622257,0.0030442595755674796,2.0044505132662405e-4
Money & Markets,CNN Finance,0.033222788664366155,0.012971423700155395,0.39912481683894074,8.860344791730366e-4,0.011692378677460405,0.07619423887637569,0.02761655358946734,0.028908196513488364,0.015592422965636083,0.04227611498811917,0.0685587296479572,0.0013747019993265704,0.1635294645907094,0.0230460151247725,0.019990364042275735,0.02205512788044738,0.03426316947548281,0.018697457945845986
Money 2003,CNN Finance,0.010603982856027273,8.656443242133791e-4,0.5129654771743057,0.007030643762269213,0.026468285783786336,0.05131770442887012,0.01818359288932074,0.017180683198577917,0.003893399055456716,0.02849884759370543,0.016649788813009114,8.872275344092798e-5,0.20429681549869644,0.03958056960244214,0.006470704026810368,0.01047732945401478,0.0240140547684073,0.021413754016646094
Money 2004,CNN Finance,0.010940706994970645,0.001406170366717964,0.4163990798513398,4.10356022315754e-4,0.0037602766685884024,0.10870000888833539,0.01982939970437045,0.019001028225395015,0.003946640553720958,0.016284756096178896,0.042102634787170364,6.106812895018409e-5,0.2595596772410578,0.034167491719425076,0.015219453644682917,0.010924414549741834,0.018410943405210507,0.018875893151828124
Moneyline,CNN Finance,0.009363927637591907,0.0017168727320711619,0.03882297118480084,0,0.0010261660743834517,0.17956123665464988,0.5359480832367128,0.0030028764848019614,0.022927300743732216,0.0313392061940066,0.03942806128761457,0,0.11979342881443594,2.4263028082541332e-5,0.004709350026632442,0.010372303047626326,0.0011623185221981815,8.016343306591761e-4
Morning Edition,National Public Radio,0.021130638241963554,0.11270109668693472,0.001181258105569863,0,0,0.21117473626577216,0.003659231269720513,2.3399356259174586e-4,0.061467786159844745,0.005065333785996664,0.12056885727712491,0,0.4512968236816708,1.5545256951364722e-4,0.0010522327860692376,0.005863755709223718,0.004448803898003861,0
MSNBC Democratic Convention Coverage,MSNBC,0.016368423077580425,0.003079148473886216,0.02399166163850885,0.00934972389737095,0.002858794041456658,0.5099989942638709,0.0021977308623266447,0.002543026432444253,0.030221421690194164,0.01483633737573514,0.012608305122598654,0,0.23342543933391574,0.002798298332317432,0.10373426000874544,0.0020823145933639435,0.0172225370540213,0.01268358380166339
MSNBC Hardball,MSNBC,0.017866311950874555,3.5977989761502003e-4,0.004287387038498809,0,2.217128233873633e-4,0.054942167766766414,0.06030283414117166,0.002984016514010461,0.006876294984261043,0.0389594268936521,0.35138003483314173,0,0.44686272370915386,0,2.445377819969583e-4,0.012522618103370683,0.0021901535620993916,0
MSNBC Live,MSNBC,0.01550315332307826,0.0031898543411086567,0.011219240064147158,8.798756298309952e-5,4.3267140220823376e-4,0.2861654355973007,0.06703590825054109,0.025937052501010457,0.011153159815212017,0.06855257498256548,0.23335883942570743,1.7681969212456778e-5,0.22940077516913718,3.6814615394927105e-5,0.006630341186446701,0.034739265024074054,0.004847177978588106,0.0016920667912840217
MSNBC Reports,MSNBC,0.04344562225001402,0.004745037034492498,0.002667241537166471,1.4709930803295984e-5,4.4939040417281146e-4,0.37363093943788867,0.1730293274726633,0.040700893282699595,0.015077698354002474,0.04118600821371427,0.05592794443750184,3.593908335464835e-6,0.19954750735194762,1.0346241692046908e-4,0.008305960320108075,0.017311306143310015,0.02353132356143127,3.220339428278745e-4
MSNBC Special,MSNBC,0.022098101782737432,0.007707134787169173,0.033134340486922674,0.0014350248008144048,0.002707669516541219,0.181500097793454,0.09687404713403858,0.030328736465284264,0.014932600159098105,0.09092930060403585,0.19260384052192264,2.6028268150853924e-4,0.2148283422520888,0.003562982674273324,0.015144605439255585,0.06178406296673212,0.025381649571679255,0.004787180362444043
Nancy Grace,CNN,0.0028634646498155547,0.012371679146598246,0.003082444024714673,7.305634907737718e-5,2.8534923460263924e-4,0.047239055099895594,0.0046137139332170455,0.07918581699691377,0.08686237098729122,0.26746784325832185,0.09709145818423749,1.3383761103620797e-4,0.3481622104557226,5.600905440118221e-4,0.01602537533151152,0.022934517472190556,0.006796418059678884,0.0042512986611630416
Nancy Grace,CNN International,0.0738947476428555,0.006364990421655759,0.005275867108993904,6.52317158211842e-5,0.003933090849035933,0.02885682747410299,0.00889348636698265,0.06204545903242681,0.2075920630191815,0.09474973114069916,0.11395596456284961,0,0.22037801957646452,0.0010234834341470767,0.025461628479694708,0.11061204171462001,0.02804086678609803,0.008856500674370509
New Day,CNN International,0.006019820121655798,5.448381450065081e-4,0.001942031390069002,5.124720120261757e-6,0.0014483925811838868,0.20323064503561802,0.07650998764253666,0.037796667966031254,0.029241928027621267,0.33266343131209103,0.0518779333532067,1.3210687975741347e-5,0.15227103437780323,1.262979309307685e-5,0.004997438087738163,0.08821974413782266,0.00839536953224434,0.004809773088182411
New Day Saturday,CNN International,0.0057804190802967555,3.1428719049417947e-4,0.0016896719270188428,0,2.8200382156652257e-4,0.0012030228925792373,0.09578782157012701,0.03266905560591117,0.01662991121965309,0.08589585038218736,0.02435194388600756,0,0.2724836206504264,0,0.0025711536564883937,0.37582136330460914,0.0027107623762180713,0.08180911243641623
New Day Sunday,CNN International,0.008183402040035984,3.905384398428741e-4,0.001839670112568339,0,3.15394348145617e-4,0.024713962927553196,0.08115539274927387,0.12167178417759791,0.020243622475531922,0.1621910263449738,0.18167300011338777,1.940888937820589e-5,0.08419261412812712,0,0.03185158601499735,0.26155841106416283,0.006232173994898769,0.013768012179524475
News Event,Congressional Quarterly Transcriptions,0.003806330861474956,0.008838907191154705,0.011432924587689271,0.0018300815003120144,2.9549675218095507e-4,0.5566493959900288,0.06768775875993517,0.0013732469193792683,0.01493952586736823,0.08128986298951606,0.035244270211173885,7.432997347600999e-5,0.1133368842933434,0.007772662696552635,0.05177780655969958,0.02174833001120989,0.02190218483550504,0
News From CNN,CNN Finance,0.024338310638505348,0.05651151295963767,0.08452794271942747,6.284024869256106e-4,0.2174423639493226,0.011024954559115438,0.019508317895220135,0.03275201815284888,0.05577895341501117,0.04193794465346061,0.033218175896630724,3.473806733075091e-5,0.11032140561873927,1.2616745287426194e-4,0.004422846980738199,0.008352667509256827,0.03017439575618543,0.2688988812887696
News From CNN,CNN International,0.011968916115206668,0.002279191453116902,0.002990897658573019,1.9698793330947897e-4,0.0035791046839058777,0.13267441655415793,0.301889112537844,0.019857497495818797,0.015008780393043474,0.03236744245625957,0.2626106798051631,3.058948497933882e-5,0.1790502715808405,2.552104417773526e-4,0.00813221748472368,0.02007755260429344,0.0029881513889182835,0.004042979928068569
News Stream,CNN International,0.019147339815483295,8.548006501239461e-4,0.009277496994623867,1.8407169957928508e-4,3.67329690141862e-4,0.04698639659974954,0.6263113486073926,0.01719967786409496,0.01728881249690822,0.039821419679985544,0.02753925271311566,3.289920038989917e-5,0.09348535493675321,1.161704889030106e-4,0.012808078608488429,0.07824753028487344,0.0037856170858412636,0.006546402583551985
Newschannel 5 Morning Early,"CBS - 5 WTVF (Nashville, TN)",0.0011000524630507557,7.505648460982007e-5,0.0012031367819435742,0,0,1.0945406154986443e-4,0.0035237342089637106,0.0012770263370038542,0.05648053753133915,0.353138145076581,0.4658927439944927,4.556108973357654e-5,0.007780997457255563,0,0,0.10849164598155078,8.819085319255729e-4,0
Next@ CNN,CNN International,0.004828218778676793,2.7749764487181006e-4,0.001429698934761566,0,2.488685677565165e-4,0.01948958218893642,7.331702139709829e-4,0.001714431158148962,0.014638468200553699,0.003693572521918131,0.02451602421808455,3.467573828654101e-5,0.04278147861382834,0,0.884506860162855,6.006690139917276e-4,1.2115927031550947e-4,3.856247730434856e-4
Nightly Business Report,CNN Finance,0.0012131022294578895,7.038202188091695e-5,0.8861256006818702,0,0,1.9621443331776205e-4,4.7854188579672663e-4,0.0012029816857931544,4.902711336648445e-4,0.0027716083864445197,0.09916344076579314,4.2723578531780266e-5,0.006757140578465904,0.001145050274655778,0,1.8191083001795538e-4,1.6103151430952643e-4,0
On The Story,CNN Finance,0.014708586348016682,5.222435026051824e-4,0.0024132550699581673,1.228139654270743e-6,2.0255074570341893e-4,0.16958695417149994,0.16648030986516074,0.09213735747376375,0.0068522295867997135,0.040579234508604504,0.11551520307452066,0,0.34111495426947475,0,2.992447416294527e-4,0.0468496855816179,0.00271717260277614,1.979031821473046e-5
On The Story,CNN International,0.022595771205140308,7.048417820813886e-4,8.170873688591634e-4,0,2.213256196851151e-4,0.1096142197375334,0.1600069843551042,0.04496528080837578,0.004939009242125975,0.045848339466662245,0.17490180294559013,0,0.3601119890596629,4.98805032632845e-5,5.315955226678861e-4,0.07008578377470688,0.0038706241983502755,7.354644101910526e-4
Open Court,CNN International,0.008469328862675722,0.003503825742710126,0.00138072715773021,9.189195901897212e-6,0.004949016878098858,0.007602758435444381,0.0011435799823755382,0.0026664148049888635,0.014473010401910125,0.013705985361752496,0.0020384964255819034,1.4249230159524423e-4,0.031170326839961057,0.004154701819231974,0.0037110108760947708,0.8499467219229105,0.03238111536037411,0.01855129763066218
Open House,CNN Finance,0.009851991958135704,0.001502905814654978,0.018607088787952003,1.323073052723254e-5,0.01156670845363463,0.014882403189858479,0.0013033811130792397,0.014520708867596984,0.002517301360085498,0.0043907140055305955,0.00959288189024914,1.6698310572804743e-5,0.07342707343619172,0.6208404671602845,0.01036374684712455,0.0026766709852355133,0.14998010152252464,0.05394592556676181
Out In The Open,CNN International,0.02508361889739446,8.493935595640473e-4,0.002161666076641514,0,7.093625046810174e-4,0.04974941350656368,0.07466678321086223,0.10086894356175563,0.0017843647334832224,0.13252920179871963,0.23730967764947672,0,0.29562885284396223,2.3240229942122168e-5,0.0013764495744612902,0.07198228023869478,0.005215642807535235,6.110880626224196e-5
Parker Spitzer,CNN International,0.018826837695950914,0.0021577863579773505,0.013040756511943948,0,5.826704492654774e-4,0.1598456813843908,0.3236521656606155,0.00785315000851401,0.018804405622482017,0.30457881715902557,0.0054018832132184755,0,0.12343904392478144,0,0.0014631874795367965,0.0019345121015378998,0.018371923556058038,4.717887470176172e-5
Parker Spitzer,MSNBC,0.007067604189209351,0.001774526324476503,0.015481514766210094,0,7.684876881256973e-4,0.17375727697439336,0.04462330915670208,0.0044371043172007265,0.03253914266667947,0.34590576983927757,0.0032162414217624196,0,0.3296715931936747,4.218878770322622e-4,0.003873050741531529,0.008425093264871907,0.027818031374405618,2.1936620444682256e-4
Paula Zahn Now,CNN International,0.052371690395307875,0.010863733090291218,0.0016641848890978413,0,3.5681368234411837e-4,0.04361571046308161,0.05302005376301963,0.13556584022950388,0.06681989114182715,0.0786490744011645,0.3201863335412932,3.4297912206146208e-6,0.22165291492599876,7.06839015698126e-5,0.0015119642421760364,0.005788781457634014,0.007613729317566644,2.451707669030765e-4
Piers Morgan Live,CNN International,0.08477318829314304,0.003999427035934275,0.0028463425320658492,0,0.038949249435780084,0.2098938160742107,0.061016634546103336,0.022343762775325696,0.03696690630319246,0.06752508121947141,0.07758839365553571,0,0.34944444375753037,0.006247898483599571,0.0021135531650615332,0.02613974774972031,0.009810563704772741,3.409912685529018e-4
Piers Morgan Tonight,CNN,0.1818734977126886,0.013023541903476371,0.0025119640309670564,0,0.006299179512955492,0.052271370416041296,0.021296781102829364,0.015561232283871023,0.11485217464036834,0.08738461434199161,0.19147213580248487,0,0.210629857547147,1.590963268686399e-4,0.013795635814013999,0.021389775285871958,0.06450760030303089,0.0029715429753935448
Piers Morgan Tonight,CNN International,0.07950183907633325,0.0012397675694962623,0.004640889213398346,5.9718948426719e-6,8.494953907906816e-4,0.12333914447007398,0.26275841524348414,0.04647176024796741,0.022387809914349785,0.05153163971025199,0.06576673646677744,0,0.19129013298313166,4.290760767490476e-5,0.041160774239403244,0.08454757508044314,0.02046973592477361,0.003995404966807492
Political Capital,MSNBC,0.06083569100165036,0.01146770905938748,0.026055592516748414,9.315210726896975e-5,0.0035054867841666526,0.013726287646639131,0.03156956040676034,0.062111451449871416,0.005912857840054336,0.27059796781447587,0.01297951708745896,0,0.4340884802260554,2.094205591794849e-4,0.004893797611313423,0.028012953406375073,0.03181140257007759,0.0021286719125169547
Politics Nation,MSNBC,0.017180153858123156,4.783592377653419e-4,0.002143228162542548,1.062116048026408e-6,3.896868848752213e-4,0.2418495175690614,0.032226068648303276,0.034245691366846256,0.027253597661284445,0.11529819000698549,0.29716851474166267,8.46810981818898e-7,0.1996179082527889,1.5460491530604665e-5,7.761841707677492e-4,0.02800849560907815,0.0032994678976707194,4.756651368424356e-5
Prism,CNN International,0.03002295860303632,0.0015168998587762347,0.007519478502966142,8.95233976562997e-6,2.5907968084054616e-4,0.055222805732298506,0.6501162314258938,0.022616197877959137,0.026441859716249332,0.019098010129375398,0.012703553302632986,1.72902106354027e-6,0.10614226439686958,6.0737448349469785e-5,0.025951016827696273,0.00875453908926352,0.0030783344362728007,0.030485351610690808
Q&A,CNN International,0.03228947515475423,0.01636008321890216,0.02231811342528225,3.618865771160677e-5,0.0037831610247494045,0.30433229862135885,0.3367600465898712,0.013227116165966063,0.0187163727320182,0.028248744485406794,0.02410559062413664,1.7868595112701893e-4,0.14049087410062153,0.001293260264510281,0.025881329935423508,0.012065235811727117,0.011300475591908516,0.008612947644524627
Quest Means Business,CNN International,0.037732642633166516,0.0010435959185082892,0.519315774490472,9.476800691773094e-5,0.002163221165739702,0.029801533549243822,0.12666322780778805,0.016448227066147476,0.01142304962309916,0.03214825152538613,0.010656888526151317,2.6131545239540276e-5,0.15925418226097615,8.063861099331425e-4,0.011077641155303816,0.020282977090636884,0.006418833633343344,0.014642667891947028
Race For The White House With David Gregory,MSNBC,0.0316542873159689,0.013484553161973287,0.23688287631123636,2.554380452093448e-4,0.006910242419684617,0.3349782586525941,0.03364365644648129,0.001307601996151939,0.023750303434468344,0.03011290189175415,0.045855398174783166,1.4295429623201577e-4,0.16719392541676303,2.2917023229020926e-4,0.02708028899433255,0.009944011513998386,0.035908018487201175,6.661132088771891e-4
Reagan Remembered,CNN Finance,0.02735490663127384,0.023506656697676487,0.0024809886420382645,3.47756867918189e-5,4.7088781034785584e-4,0.022388061075380446,0.01581476694015988,0.002111594931497459,8.982774794586982e-4,0.0074782088664301855,0.500992258492122,6.370828683802534e-5,0.3099577504241444,0,0.0019185375201722368,4.4403239383296875e-4,0.0840845881218353,0
Rick's List,CNN International,0.04191632657043922,0.00164744391302111,0.007327547602294014,0,8.525017927743092e-4,0.09082221315013175,0.06103552601831661,0.023189051598493254,0.004792492375728242,0.14409985532433833,0.17089837209918604,9.192663427311108e-6,0.19653663551317574,5.112587759357167e-5,0.00680343461009624,0.228085238765979,0.02056851394610048,0.001364528178904758
Rick's List,MSNBC,0.015218919123201901,9.854458892366285e-4,0.006657347694849094,0,7.353588904089618e-4,0.059691526621235794,0.015528880502847774,0.005305587320527519,0.0027264895142202414,0.19812224835527786,0.1614981473729701,0,0.4333672247228292,1.3645470324462122e-4,0.005165915228189706,0.08047789454466954,0.013512367574110297,8.701919421808685e-4
Rita Cosby Live & Direct,MSNBC,0.011906731580415412,7.573208288819323e-4,0.00262624727478463,0,2.914991298250359e-4,0.002294748936089863,0.0031779082963380627,0.009782517170842376,0.0547588620133865,0.580803000382473,0.08344086581917742,0,0.11603200719054153,1.7133718618534186e-4,0.001024730012912914,0.1319503709232204,8.155106415867211e-4,1.6634261333885886e-4
"Ronald Reagan, 1911--2004",CNN Finance,0.019366056560544354,7.138067731199618e-4,0.00330974505182355,0.0016676166822480758,6.835196943194946e-4,0.02914068523340351,0.005537092881567149,0.0018692293814442933,0.0053116141110085054,0.012939261581699356,0.672930520942792,5.647921615222491e-4,0.10933529308280909,0,8.464956345328002e-4,0.0013379300360286527,0.1320849407134572,0.002361399477679745
"Ronald Reagan, 1911-2004",CNN Finance,0.00568967565588262,0.006747046034404073,0.005251796725360618,0.0014016406187215501,5.068081042022541e-4,0.2346908243274155,0.11322241141467751,0.006569596445397961,0.004358634536681801,0.008269112261786823,0.3320511254277335,2.5899899465185066e-4,0.1942930271217002,0,0.0038092910314067854,7.61487308877087e-4,0.0813436028556155,7.749211354843813e-4
Sanjay Gupta Md,CNN International,0.04087235678879993,3.0496723241790383e-4,0.0011927886294636702,0,3.561947474708352e-4,0.02362311741855844,0.013653063176474441,0.4972588353541604,0.012414994068675161,0.10010822438922387,0.1266406021653919,0,0.1351214359521689,6.396312947538644e-5,0.03440848418881636,0.0020936348999840643,0.01132346871582104,5.638691430976988e-4
Saturday Final With Lawrence O` Donnell,MSNBC,0.019363877587008544,0.003281797206914015,0.0029892698360376156,0,0.0012030715881647712,0.15576397659894448,0.0068651456441885085,0.014229549698680868,0.008739336291520686,0.12499047712949114,0.06940974605585444,0,0.41245606010978875,9.978809808912108e-5,0.0033125929908925625,0.14298574712799555,0.03397922309674107,3.303409396878847e-4
Savage Nation,MSNBC,0.008596720530273438,0.009951178012132196,0.0026730462156771143,2.241248245433087e-5,0.011204381726324937,0.2880231765760843,0.033130088820288166,0.04498259503889227,0.04121459622887868,0.04337019935513047,0.025510347471079907,4.946757734929793e-6,0.4263655474761341,5.062018756113135e-5,0.003528019765032235,0.005880484746079102,0.054956419877417916,5.35218732824831e-4
Scarborough Country,MSNBC,0.060221412595640636,0.008101284733658853,0.005904338253247032,7.182055181700178e-6,6.442900541856555e-4,0.191396460190825,0.03787341689795602,0.044839092302722185,0.03723825653743547,0.057463928990627806,0.15355105598638166,3.291912514726834e-6,0.32059610933129024,5.864234109302687e-5,0.009659438617765949,0.04903508403742788,0.01675830933678807,0.006648405825258076
Showbiz Tonight,CNN,0.039843790116844746,3.9259170869803447e-4,0.001403958096446013,0,5.560949973280765e-4,0.0012918658867496079,0.0010688607919319675,0.005195453896770766,0.04496732176047769,0.021630094034201637,0.006116632624273661,0,0.10841292111709988,4.119197779164165e-5,1.226772555198259e-4,0.016489288987251004,0.7524275994011494,3.965734746595844e-5
Showbiz Tonight,CNN International,0.35609628483805283,7.321352663681248e-4,0.006518277451787297,1.361790655280566e-5,0.0011516182388392547,0.0011220001745471096,0.010902252249315852,0.016436327665169417,0.10735475593029273,0.040108714631036185,0.04044663923735371,1.4115671476178569e-5,0.11753261450803558,3.344189776107935e-5,8.49917518629211e-4,0.1105326450640176,0.1897210296721888,4.3361207857620755e-4
Showbiz Tonight,MSNBC,0.460644829530438,3.6011450439029356e-4,0.0019883346882414053,0,0.0014234482351444602,0.0011903409769522984,0.0013258178804427213,0.05402688523702699,0.04637406782036537,0.008888778615335305,0.018019459951446312,0,0.2384700569544231,0,4.506610039076313e-4,0.005295097939244419,0.16140282030864322,1.3928635399839323e-4
Showcase Minnesota,"NBC - 11 KARE (Minneapolis, MN)",0.010276453731030432,0.003927104599953346,0.009171504774127235,1.0816612700391363e-4,0.0471458048009582,0.0024744767394980416,0.0058835801109448456,0.05123825872321876,0.2250408995679742,0.023070271054950048,0.03913754163719695,0,0.11608780840631189,0,0.00661472870216734,0.007065657383436216,0.232296807709994,0.22046093593123456
Special,Fox News,0.14741918428666634,0.011146143651102551,9.57841912946446e-4,0,8.491155210786179e-4,0.21216999632162206,0.0028481894067795936,0.39215247773631323,0.0188810191457201,0.006230740380405481,0.0036079513573509243,2.572294587143335e-5,0.11569166566191724,7.307365774334869e-5,0.08239150531450233,0.002477747908001725,0.003077624791978527,0
Special Report,CNN International,0.04283385651734946,0.015647430914340215,0.03413381751062086,2.3409350414197227e-5,0.0012694356271197467,0.10737612786162705,0.5122506695754924,0.0012884809649506687,0.018585423607905435,0.02750131668710187,0.04262556676096901,8.567895175308605e-5,0.17424221362464926,0.00040577765562494367,0.006050178298126983,0.010914583871284958,0.00471651180051053,4.952042015943367e-5
Starting Point With Soledad O'Brien,CNN International,0.015349041989487234,0.04555154673784861,0.010569358734221922,7.709118652185468e-5,0.003023397484618475,0.14626615413340407,0.083383902468534,0.03965692906936682,0.020109111827588906,0.12080122259050988,0.20125984258723092,4.6187474230691775e-5,0.16679388095279743,3.413307052592646e-4,0.008037896199859867,0.12700605020104497,0.004592456122841252,0.007134599534633877
State Of The Union With Candy Crowley,CNN International,0.007608677706475856,6.97995228721994e-4,0.002791118210621912,0,4.3021887770118745e-4,0.33728011567620436,0.18931917619477304,0.018967864395268833,0.009156108935070881,0.07142449953708707,0.17341429588460122,0,0.16094053729767113,4.9189910084646695e-5,0.0055530408272879885,0.018520170567619353,0.0017021939070367886,0.0021447968437737237
State Of The Union With John King,CNN International,0.2628406621721098,6.287122482774991e-4,0.005052518510712271,0,0.001260673479314979,0.18429112486674176,0.054156164326354395,0.0144352242380926,0.028396447864863658,0.04213419312285548,0.09867382241441529,0,0.294877342373664,0,0.0022453628902732296,7.12961897756303e-4,0.0102032534365614,9.153615800744116e-5
State Of The Union With John King,MSNBC,0.09751079688558545,0.005040549881012765,0.014285012783331389,5.1335068406328855e-6,0.0010807759511208697,0.12730777675414098,0.035647035088650844,0.07773529174909413,0.01849319552221051,0.05291953772891985,0.10803065448520549,0,0.4063203226762266,9.374417708085068e-5,0.004821890102231681,0.024039974966574153,0.02647601380068995,1.9229394108391073e-4
Street Sweep,CNN Finance,0.03140422441454983,0.007743224125048679,0.5331771257619099,0.0010306790237826406,0.010407580331337103,0.06762948307496411,0.03099377450981194,0.015065329640942107,0.01154208479976512,0.0268315471508191,0.049257168128623706,0.0013393777213059072,0.12131447956503916,0.011737649665328144,0.018184871239805212,0.026556681691940334,0.026964324727633042,0.008820394427394027
Student News,CNN,0.1522560478487044,6.31784532163315e-4,0.005539649731400072,0,0.0020138065869969193,0.15543912702433452,0.00785813912284137,8.65342887247027e-4,0.005790233353521567,0.02919926391616738,0.46399944255276937,1.9489660801788288e-4,0.15271909805310063,0,0.0051625189614564115,0.002373815880513628,0.013533293863628908,0.0024235390771365885
Student News,CNN International,0.02422792513900722,8.127574316589548e-4,0.008297857637719994,2.006998972518548e-5,0.02471081490823737,0.13540658202647607,0.11952327921198659,0.2022231442502257,0.021982342885273926,0.08498762391868782,0.16748591110379069,0,0.1565313873515874,3.232058030620772e-5,0.014309885424077299,0.007083777773848936,0.031659791493440635,7.045288739500454e-4
Sunrise On Kgmb,"CBS - 7 KGMB (Honolulu, HI)",0.003970094078115438,4.724077356971096e-4,0.10425765032014715,0,0.0010456277640448976,0.0012347773114088792,0.04507910011609793,0.16739302512807394,0.1525082071775238,0.11580949463121631,0.2694459793880465,0,0.07910814032784148,0,0,0.05556258898955348,0.0038874103836073416,2.2549664862561068e-4
Talk Asia,CNN International,0.2444714257813093,0.004688954957066779,0.035709606533222596,3.2269720149126874e-5,0.04000269810306719,0.03627500557475476,0.046233823691721576,0.03779589747780517,0.06827708046541062,0.04935629187745068,0.00537194949471206,2.3602402528717273e-5,0.19201078464671043,7.352738068836707e-4,0.020213983383968546,0.08340940549009578,0.12151732257753671,0.013874624015606313
The Abrams Report,MSNBC,0.058875602637739846,0.08801513134579594,0.004944803859379584,7.93187405025019e-6,7.642682134138793e-4,0.058422791896372304,0.015337886866030234,0.05313059649180777,0.01307309433015549,0.1455622384200495,0.185549106992457,5.5466033170927424e-5,0.27964103630596776,1.6731094995219007e-4,0.015479834479359125,0.07421489869222272,0.00600832302676471,7.496775853107445e-4
The Beltway Boys,Fox News,0.018465833027449387,0.008726113031802924,0.003834057581196699,3.06995701771681e-5,5.995315259717342e-4,0.3375010094767175,0.021646470752893648,0.00595728947282803,0.004501443135900845,0.02334903533714091,0.37902053104502764,3.0287544935962558e-5,0.16074083901813938,1.2955675732852912e-4,0.002174279728609729,0.024257853196281102,0.007480855293357015,0.0015543145042417677
The Big Story With John Gibson,Fox News,0.05659102080617232,0.02539602831704561,0.028546668051923307,6.975960737130334e-4,0.003964308176372578,0.19159335469529165,0.14888163937175924,0.019760651410364025,0.028552575629680305,0.057401442622039174,0.16069718013162393,0.0017038866368775597,0.18426748469751852,0.004581385689274934,0.014330303029217945,0.040260989369214774,0.022098138600557888,0.010675346691353184
The Biz,CNN Finance,0.35769274619214053,0.019476368083450622,0.04461870534306001,6.883018158580186e-4,0.011138009509264017,0.013345878830658908,0.0028305334545490257,0.012556194122937618,0.19198489845997846,0.041865941402279255,0.012200935428540298,0.0018342058083682172,0.12408838868285776,0.0011171742812255223,0.006948436315683676,0.051092867529637036,0.08478755837778117,0.021732856361729887
The Charlie Rose Show,CNN International,0.11233946766179972,0.002868448960532622,0.023754126000579145,0,0.002133218465614306,0.262246588752288,0.13386201638894965,0.02551345721727371,0.028977712777825602,0.04322859355858315,0.014652613108031117,0,0.27218035939492125,6.336210072851487e-4,0.02393363199669659,0.025067785459337,0.027378998189415818,0.0012293610608671986
The Ed Show,MSNBC,0.01980347733894766,5.525165055343438e-4,0.007786651380314774,1.6490841245242283e-5,0.001249419962780866,0.16953713243952337,0.03215258545340222,0.027334105674791966,0.023915180242213275,0.08459879607950709,0.40136162196898256,1.0401952538077455e-6,0.17438910562858587,1.3289076070692007e-4,0.003692180332775395,0.05065642704373824,0.002643547601092221,1.768305506041697e-4
The Flipside,CNN Finance,0.03151466535487991,0.02141706293401498,0.08595400425486906,4.7379127199640654e-5,0.031832376467461274,0.11736605536147054,0.042690755262463354,0.11189559503401496,0.01577552230931241,0.058806269019507175,0.06287075422614745,0.0010801476613679748,0.2098323309928842,0.018622728721666867,0.038505137483177625,0.04833353209155779,0.07524270519853375,0.028212978499471044
The Last Word With Lawrence O'Donnell,MSNBC,0.04073616920956575,0.0021119477598744267,0.004556252340228929,1.898907165136286e-6,0.0011574544962684936,0.11690365340397411,0.04768114752426391,0.01912134522495874,0.03828451281427695,0.1301037454043675,0.3317534608767331,6.152127114166264e-6,0.20698634804665322,1.5986484596146729e-4,0.0018457427696694031,0.053933892809998024,0.004479276301182553,1.771351377441371e-4
The Lead With Jake Tapper,CNN International,0.029940825113922712,0.0016299205193588179,0.004221029325165518,1.494067745898768e-5,4.966306252995616e-4,0.152062920215246,0.233494562219093,0.06221796246377018,0.06417709955329562,0.06853374420656783,0.13558144601791178,9.927606610380535e-6,0.1845804364376022,1.5089780881129156e-4,0.005293986029591212,0.0411440618360191,0.012771582855409509,0.0036780264888663563
The Money Gang,CNN Finance,0.02017041170257591,0.0047513284624311385,0.5556017212299159,1.952880577836217e-4,0.012817091722217958,0.039879476192259754,0.010714194181890055,0.025077069467322164,0.009722013654584189,0.031479280634477386,0.030787586674844453,0.0012569763982588666,0.1426155553909883,0.021984413233490926,0.02196187843519644,0.01804179922159524,0.03446710710560956,0.018476808234558165
The O'Reilly Factor,CNN International,0.04801938396468432,0.1114410869246502,0.001996858614804254,0,4.916996471897455e-4,0.02530705742760906,0.022771297810894868,0.035507421571836124,0.002387488351692411,0.14661608854833294,0.25921753314367785,0,0.3387345181238114,0,4.004588444788595e-4,0.006165142268978516,9.439647573595227e-4,0
The O'Reilly Factor,Fox News,0.07083926509051902,0.022349749535821126,0.01476354519847412,2.30501878100166e-4,0.007403583295418761,0.20583232846369057,0.052141625052699925,0.035451193743004254,0.031676500089192365,0.07779450620976414,0.13248138331343728,0.0010590251179876215,0.22943073181706114,0.0019814199883115514,0.019988156337135278,0.032000809838285973,0.059771893626081395,0.004803781405015332
The O`Reilly Factor,Fox News,0.03890533267914768,0.004855085225406027,0.014678347664424251,1.5996415719327168e-5,0.0012871755969741281,0.39270329538463655,0.022824630980466967,0.010258650424701322,0.01872839833411113,0.03969534378036775,0.05495978268298242,0,0.2526339992125142,1.9693562942474417e-4,0.029325899052301724,0.023439173174298333,0.08223305756450208,0.013258896198021324
The Rachel Maddow Show,MSNBC,0.020975651940257755,0.0010047780578216576,0.006355715453543408,5.395365644237603e-6,0.0013924694992403055,0.16662569046794576,0.09223866896983662,0.021143527579385694,0.015422932055049084,0.08000508650714067,0.44874090837732045,6.259322607803156e-6,0.1194631724310772,1.7661526583075842e-4,0.005917415045450328,0.017360588587507372,0.0026521174735273157,5.130076008136119e-4
The Situation Room,CNN,0.006688422092792209,5.350111058810773e-4,0.00711458036725364,0,5.543287823471042e-4,0.125456408023336,0.08665502121074549,0.007922947391508691,0.04229674966427107,0.012226994451365518,0.4297053898835766,0,0.24222357246952053,4.052811555815874e-5,0.0017197555227370502,0.034864405208204566,0.0018430207093591488,1.5286500154323418e-4
The Situation Room,CNN International,0.009317145197872266,0.0010315483233357362,0.003747264555454339,1.0497673575258378e-6,5.876140459004704e-4,0.158171439000373,0.22398863681823025,0.026248887135270817,0.015989876879560945,0.03801041943387594,0.24665668384568096,2.464041670941603e-6,0.24514448100626873,9.5887451842535e-5,0.005259312265488931,0.019464180916194878,0.0017470733200173772,0.004536035995604365
The Tim Russert Show,MSNBC,0.07240501498554648,0.03516228342903026,0.0030282136055238503,1.589215653478328e-6,5.951681545950175e-4,0.14579079770709324,0.004660471583094441,0.012020940245330696,0.016501127091892602,0.043787839227581914,0.21880715786961888,0,0.323950008809074,9.596328104305931e-5,0.0017544655264859757,0.08315266816611919,0.03718544309351245,0.0011008480088044714
This Week At War,CNN International,0.005991001022608953,4.96702850092533e-4,0.0010706794087174793,0,2.3260750494868992e-4,0.1621200089086467,0.47750191369346306,0.01637158426637239,0.009090980897179367,0.01534370018999027,0.009283008691598954,0,0.289283621494834,6.2927982852136934e-6,5.389994439773962e-4,0.012276440035763773,3.033793426361318e-4,8.907945088511854e-5
This Week In Politics,CNN International,0.050485193703471716,8.653807938231166e-4,0.005245208388718249,0,0.0015087152501243885,0.7293084847246003,0.0076053995953818156,4.941500865754862e-4,0.007777833993306081,0.023517554912941035,0.08200910359474212,0,0.07364932551448759,0,0.0020609770413732823,0.014274684783942827,0.0011711621316488272,2.682548486306739e-5
This Week In Politics,MSNBC,0.004567716435470957,0.003918062526476099,0.0014148302956153488,0,0.0010596173153809693,0.2508150170707544,6.102965364236242e-4,0.0012027220174461444,0.0012922612261663776,0.025851634730592737,0.07109348955179078,0,0.29497542700417534,5.228371421649904e-5,0.0013600729463298267,0.338975038090315,0.0028115305388459614,0
Tucker,MSNBC,0.00988554650752907,0.01867329960700335,0.12968976524932707,0.0032190367763860164,0.0024409236197793682,0.019568664504916768,0.14618273256198167,0.003569075554068364,0.03943404211887192,0.08969030953615048,0.017100438208344858,2.5610149607194357e-4,0.13693889144567434,0.0023417412464418323,0.13887512931136192,0.007073679649228897,0.091100658238317,0.14395996436854508
Tyco Mistrial,CNN Finance,0.06593447879284475,4.856194866492257e-4,0.02583863650407196,0,2.3305904550993136e-4,0.0052545454070388135,4.3763428164938036e-4,0.01607938374539518,0.00703226002947743,0.3083230453978929,0.27824411280562833,0,0.26823046234162234,0,0.011436556523375312,0.010200802691021867,0.00226940294782257,0
Up Late,MSNBC,0.10911721271776958,5.298034867624141e-4,0.004397874786905294,0,0.0011400484465822114,0.11428385242582002,0.006019015760605248,0.02133488497794664,0.07887139925417404,0.14039761951807764,0.02812788375157295,0,0.3489108295688017,4.3878952874576454e-4,0.005807970918581384,0.011677846452100824,0.12833284582607957,6.121225794747367e-4
Up With Chris Hayes,MSNBC,0.019406947321395408,0.013022285911292323,0.0312032470449794,0,0.013110042001821223,0.25813396886626466,0.04435689685160509,0.06176156589623493,0.015046302382453051,0.06224731930388209,0.0981989055734876,0,0.34430695835394487,2.812195160684397e-4,0.005237095848669384,0.0214776462434478,0.012195913084425698,1.368580002802499e-5
Up With Steve Kornacki,MSNBC,0.012880441593000174,3.4595378508573137e-4,0.003409254975199993,0,0.0047917296342669495,0.20055383626040707,0.005010728957200321,0.009960036736291693,0.009372008690938202,0.16334437903850985,0.23900037116532982,1.3670189601696649e-6,0.21117038009384723,0.001678493681208568,5.333540253796577e-4,0.13641844854934385,0.0015154774097381476,1.3738385292572173e-5
Verdict,MSNBC,0.22618620063567577,0.023195418540148723,9.834548763557234e-4,0,4.311420885662871e-4,0.06883621869780829,7.37464129924263e-4,7.373584460096886e-4,0.008488744388653737,0.057295204716947525,0.450950770388607,0,0.07850800712759821,0,0.0010024312280939869,0.08077727868828646,0.001815724346555252,5.458170076923592e-5
Verdict With Dan Abrams,MSNBC,0.07564208036720187,0.031935144346272114,0.002607998523600538,0,6.000407656202941e-4,0.16945012602416037,0.02514022295205664,0.009075806510224469,0.011864437324665697,0.060961529076209005,0.18537669738181167,0,0.2766398872314388,1.950022824231359e-5,0.0014888019545930972,0.13804949189301363,0.010979365851494468,1.688695693950001e-4
War In Iraq,CNN Finance,0.007594158158165087,0.0026640979202504135,0.49148722551062585,0,0.0019729819792751765,0.008484372006952748,0.009381973625401899,0.027795801555424462,8.685768425953039e-4,0.012594566113368209,0.0022661605429697257,0,0.38522849199574527,0.0027982734523545544,0.0062891718735827665,4.947004736989623e-4,0.03795423997053527,0.0021252079790543567
Weekend Early Start,CNN International,0.02869852374624183,8.202237650593448e-4,0.0032593915430828794,2.0994322483459132e-5,7.631616182797801e-4,0.04885315856351933,0.11111363000412912,0.04428560846375919,0.00901524124590972,0.07350471007642964,0.3223617792355479,7.616041154561555e-6,0.20150852861896107,2.535045472891581e-5,0.004762225168369926,0.08982364330623194,0.014572856729160045,0.04660335709695137
Weekend Edition Sunday,National Public Radio,0.00709600729072042,8.709602484766048e-4,0.00845859859011227,0,0.001275062920736854,0.13170734047206986,0.019982767532883666,0.0013250383132833693,0.06773879403559104,0.05254696441824936,0.37403787409344147,3.833090341455278e-4,0.15244323457933914,1.3485864279163648e-4,0.010355469277403894,1.3121590639142408e-4,0.17151250464436343,0
World Business Today,CNN International,0.0027309404742080594,1.0084798014343005e-4,0.8248308073791382,0,1.369960798444537e-4,0.008596405376756853,0.109046807093598,0.0026275913253394644,5.196348467850309e-4,0.004805209174315145,0.0016474243732523936,0,0.04023419413892821,0,1.941075272032434e-4,9.234938628257512e-4,0,0.003605540367661677
Your Bottom Line,CNN International,0.010255908387440154,2.4245014661250066e-4,0.1279813051569062,0,8.191403911000995e-4,0.2925796812335441,6.611496723279884e-4,0.16282212677881056,7.656791392956318e-4,0.05048820146098114,0.04962472418289387,0,0.20842717721897797,0.003902677895593171,0.009155721997152168,0.0014588110874955897,0.07975078697470821,0.001064458276160596
Your Money,CNN Finance,0.02499299196366363,0.010019116763477547,0.23992518398198778,0.0016479393821073386,0.016954408809047798,0.08012706766015183,0.009404255982115764,0.03955014419914356,0.013703741815198752,0.04288681843410772,0.03713980488441949,2.857264980781893e-4,0.22980669460541356,0.07955575616986482,0.031174103751784896,0.037310771664481095,0.07041190435834177,0.035103569076614466
Your Money,CNN International,0.00883452566729032,2.9536640538048307e-4,0.2570360277394334,0,0.0033553251859588023,0.27317813126263574,0.029682450265368684,0.04515934969470255,0.012316187186431788,0.022227519482121153,0.05569067019928407,2.9727280530468493e-6,0.2762240361467071,0.0032800453252545426,0.0023264492662934642,0.005561051294968233,0.004618027387068293,2.1186476304829307e-4
Your World Today,CNN International,0.013845368045149787,0.0043196143071967934,0.008383936792781922,1.4015275292165532e-5,4.418000856394686e-4,0.0823139659267006,0.6355071040460202,0.014835947329497837,0.013641898008682365,0.023291219244218758,0.06722403974096275,1.9408287021115565e-5,0.11023871831898603,5.068218158600836e-5,0.005197527208141318,0.01486733860218018,0.001988289275632313,0.0038191273243103996
Your World With Neil Cavuto,Fox News,0.03492845070433611,0.010987417646292581,0.1720101382678782,5.494812926412082e-4,0.009686496358312714,0.1668927526336203,0.05270285550976092,0.046199834267502474,0.01981004878582438,0.04714502380353801,0.07357577914394146,4.5684322608437986e-4,0.21120943435802825,0.021486547086440398,0.019793559550172347,0.030524766782443487,0.06107557521555023,0.02096499536763256
